,total_return,annual_return,sharpe_ratio,annual_volatility,max_drawdown
C,0.27739999999999987,0.12175090322075133,0.6062803995586217,0.23544270844227638,-0.32030994215868214
