,total_return,annual_return,sharpe_ratio,annual_volatility,max_drawdown
S,0.3566000000000018,0.06367639992730623,0.9307340464425607,0.06888224474816033,-0.15479064634062173
